п»ҝid,char,unicode,svg,label_disputed
1,е®ү,5B89,0001.svg,
2,е…«,516B,0002.svg,
3,е·ҙ,5DF4,0003.svg,
4,зҷ№,,0004.svg,
5,йңё,9738,0005.svg,
6,зҷҪ,767D,0006.svg,
7,зҷҫ,767E,0007.svg,
8,жҹҸ,67CF,0008.svg,
9,ж•—,6557,0009.svg,
10,иҲ¬,822C,0010.svg,
11,дјҙban,,0011.svg,
12,йӮҰ,90A6,0012.svg,
13,еӢ№,52F9,0013.svg,
14,дҝқ,4FDD,0014.svg,
15,еҜі,5BF3,0015.svg,
16,еӢҪ,52FD,0016.svg,
17,е ұ,5831,0017.svg,
18,еҚ‘,5351,0018.svg,
19,еҢ—,5317,0019.svg,
20,иІқ,8C9D,0020.svg,
21,еӨҮbei,,0021.svg,
22,зӢҪ,72FD,0022.svg,
23,иӘ–,8A96,0023.svg,
24,зҡҖ,7680,0024.svg,
25,йј»,9F3B,0025.svg,
26,еҢ•,5315,0026.svg,
27,жҜ”,6BD4,0027.svg,
28,еҰЈ,59A3,0028.svg,
29,е•ҡ,555A,0029.svg,
30,,,0030.svg,YES
31,еёҒ,5E01,0031.svg,
32,еҝ…,5FC5,0032.svg,
33,з•Җ,7540,0033.svg,
34,е©ў,5A62,0034.svg,
35,ж•қ,655D,0035.svg,
36,иҫҹ,8F9F,0036.svg,
37,йҒҝ,907F,0037.svg,
38,з·Ё,7DE8,0038.svg,
39,иұ©,8C69,0039.svg,
40,иі“,8CD3,0040.svg,
41,е„җ,5110,0041.svg,
42,еҶ°,51B0,0042.svg,
43,е…ө,5175,0043.svg,
44,жҺӨ,63A4,0044.svg,
45,дёҷ,4E19,0045.svg,
46,з§ү,79C9,0046.svg,
47,жҹ„,67C4,0047.svg,
48,е№¶,5E76,0048.svg,
49,з«қ,7ADD,0049.svg,
50,еүҘ,5265,0050.svg,
51,дјҜ,4F2F,0051.svg,
52,еёӣ,5E1B,0052.svg,
53,жіҠ,6CCA,0053.svg,
54,дәі,4EB3,0054.svg,
55,жҗҸ,640F,0055.svg,
56,й§Ғ,99C1,0056.svg,
57,иұ°,8C70,0057.svg,
58,еҚң,535C,0058.svg,
59,дёҚ,4E0D,0059.svg,
60,жӯҘ,6B65,0060.svg,
61,жүҚ,624D,0061.svg,
62,йҮҮ,91C7,0062.svg,
63,и”Ў,8521,0063.svg,
64,ж№Ң,6E4C,0064.svg,
65,йӨҗqian,,0065.svg,
66,еҖү,5009,0066.svg,
67,жӣ№cao,,0067.svg,
68,еҶҢ,518C,0068.svg,
69,й•·,9577,0069.svg,
70,еҺӮ,5382,0070.svg,
71,й¬Ҝ,9B2F,0071.svg,
72,жј…,6F05,0072.svg,
73,и»Ҡ,8ECA,0073.svg,
74,еұ®,5C6E,0074.svg,
75,еҫ№che,,0075.svg,
76,иҮЈ,81E3,0076.svg,
77,жІү,6C89,0077.svg,
78,иҫ°,8FB0,0078.svg,
79,жҷЁchen,,0079.svg,
80,зҲҜ,722F,0080.svg,
81,еҒҒ,5041,0081.svg,
82,зһ yin,,0082.svg,
83,дёһ,4E1E,0083.svg,
84,жҲҗ,6210,0084.svg,
85,е‘Ҳ,5448,0085.svg,
86,д№ҳ,4E58,0086.svg,
87,жҢҒxun,,0087.svg,
88,йҪ’,9F52,0088.svg,
89,иөӨ,8D64,0089.svg,
90,жІ–,6C96,0090.svg,
91,иҲӮ,8202,0091.svg,
92,иҷ«,866B,0092.svg,
93,з–Ү,7587,0093.svg,
94,дё‘,4E11,0094.svg,
95,,,0095.svg,YES
96,иҮӯ,81ED,0096.svg,
97,еҮә,51FA,0097.svg,
98,еҲқ,521D,0098.svg,
99,иҠ»,82BB,0099.svg,
100,йӣҸchu,,0100.svg,
101,жҘҡ,695A,0101.svg,
102,е·қ,5DDD,0102.svg,
103,еӮі,50B3,0103.svg,
104,еҗ№,5439,0104.svg,
105,жҳҘ,6625,0105.svg,
106,зәҜchun,,0106.svg,
107,иҫө,8FB5,0107.svg,
108,еЁ•,5A15,0108.svg,
109,йҖҙ,9034,0109.svg,
110,з–өci,,0110.svg,
111,зҘ ,7960,0111.svg,
112,жӯӨ,6B64,0112.svg,
113,жңҝ,673F,0113.svg,
114,ж¬Ў,6B21,0114.svg,
115,д»Һ,4ECE,0115.svg,
116,еҫһ,5F9E,0116.svg,
117,йәӨ,9EA4,0117.svg,
118,жҗ“cuo,,0118.svg,
119,иҷҳ,8658,0119.svg,
120,и”–cuo,,0120.svg,
121,жІ“,6C93,0121.svg,
122,йҖ№,9039,0122.svg,
123,еӨ§,5927,0123.svg,
124,дё№,4E39,0124.svg,
125,е–®,55AE,0125.svg,
126,з®Әdan,,0126.svg,
127,з“ӯdan,,0127.svg,
128,ж’Ј,64A3,0128.svg,
129,ж—Ұ,65E6,0129.svg,
130,дҪҶ,4F46,0130.svg,
131,ж·Ў,6DE1,0131.svg,
132,еғӨ,50E4,0132.svg,
133,еҪҲ,5F48,0133.svg,
134,зҰ«,79AB,0134.svg,
135,е®•,5B95,0135.svg,
136,еҲҖ,5200,0136.svg,
137,еҫ—,5F97,0137.svg,
138,еҫ·,5FB7,0138.svg,
139,зҷ»,767B,0139.svg,
140,зӢ„,72C4,0140.svg,
141,иҝӘdi,,0141.svg,
142,ејҹ,5F1F,0142.svg,
143,жқ•,6755,0143.svg,
144,еёқ,5E1D,0144.svg,
145,зҰҳ,7998,0145.svg,
146,,,0146.svg,YES
147,еҘ ,5960,0147.svg,
148,еј”,5F14,0148.svg,
149,зңЈdie,,0149.svg,
150,иҖӢ,800B,0150.svg,
151,,,0151.svg,YES
152,йјҺ,9F0E,0152.svg,
153,е®ҡ,5B9A,0153.svg,
154,,,0154.svg,YES
155,,,0155.svg,YES
156,еЁ»dong,,0156.svg,
157,еҮҚ,51CD,0157.svg,
158,иұҶ,8C46,0158.svg,
159,й¬Ҙ,9B25,0159.svg,
160,и„°deng,,0160.svg,
161,зқЈ,7763,0161.svg,
162,жқң,675C,0162.svg,
163,иҖ‘,8011,0163.svg,
164,е Ҷdui,,0164.svg,
165,е…‘,5151,0165.svg,
166,йҷ®,966E,0166.svg,
167,йҡҠ,968A,0167.svg,
168,е°Қ,5C0D,0168.svg,
169,зӣҫgan,,0169.svg,
170,еӨҡ,591A,0170.svg,
171,еҰё,59B8,0171.svg,
172,еЁҘ,5A25,0172.svg,
173,еҘҖen,,0173.svg,
174,иҖҢ,800C,0174.svg,
175,е…’,5152,0175.svg,
176,иҖі,8033,0176.svg,
177,,,0177.svg,YES
178,,,0178.svg,YES
179,дјҗ,4F10,0179.svg,
180,еёҶfan,,0180.svg,
181,з•Ә,756A,0181.svg,
182,еҮЎ,51E1,0182.svg,
183,еҸҚ,53CD,0183.svg,
184,еҢҡ,531A,0184.svg,
185,ж–№,65B9,0185.svg,
186,еҰғ,5983,0186.svg,
187,еҲҶ,5206,0187.svg,
188,з„ҡ,711A,0188.svg,
189,дё°,4E30,0189.svg,
190,е°Ғ,5C01,0190.svg,
191,йўЁ,98A8,0191.svg,
192,иұҗ,8C50,0192.svg,
193,еӨҶ,5906,0193.svg,
194,йҖўfeng,,0194.svg,
195,йіҜ,,0195.svg,
196,зј¶,7F36,0196.svg,
197,еӨ«,592B,0197.svg,
198,е°ғ,5C03,0198.svg,
199,еј—,5F17,0199.svg,
200,дјҸ,4F0F,0200.svg,
201,,,0201.svg,YES
202,еҲң,521C,0202.svg,
203,еӯҡ,5B5A,0203.svg,
204,жү¶,6276,0204.svg,
205,жңҚ,670D,0205.svg,
206,иҢҖ,8300,0206.svg,
207,дҝҳ,4FD8,0207.svg,
208,з•җ,7550,0208.svg,
209,зҘ“,7953,0209.svg,
210,зҰҸ,798F,0210.svg,
211,з®ҷ,7B99,0211.svg,
212,з”«,752B,0212.svg,
213,ж–§,65A7,0213.svg,
214,зҲ¶,7236,0214.svg,
215,еҰҮzou,,0215.svg,
216,йҳңfu,,0216.svg,
217,еӨҚ,590D,0217.svg,
218,,,0218.svg,YES
219,е©Ұ,5A66,0219.svg,
220,еҫ©,5FA9,0220.svg,
221,и…№,8179,0221.svg,
222,ж”№gai,,0222.svg,
223,е№І,5E72,0223.svg,
224,з”ҳ,7518,0224.svg,
225,зәІgang,,0225.svg,
226,еүӣ,525B,0226.svg,
227,зҠ…,7285,0227.svg,
228,зҫ”,7F94,0228.svg,
229,й«ҳ,9AD8,0229.svg,
230,иҶҸ,818F,0230.svg,
231,жқІ,6772,0231.svg,
232,ж§Җ,69C0,0232.svg,
233,е‘Ҡ,544A,0233.svg,
234,жҲҲ,6208,0234.svg,
235,ж•Ӣe,,0235.svg,
236,ж ј,683C,0236.svg,
237,й¬І,9B32,0237.svg,
238,еҗ„,5404,0238.svg,
239,дәҳ,4E98,0239.svg,
240,жӣҙ,66F4,0240.svg,
241,еәҡ,5E9A,0241.svg,
242,,,0242.svg,YES
243,,,0243.svg,YES
244,е…¬,516C,0244.svg,
245,ж”»,653B,0245.svg,
246,е®«,5BAB,0246.svg,
247,,,0247.svg,YES
248,е…ұ,5171,0248.svg,
249,иў§gou,,0249.svg,
250,,,0250.svg,YES
251,еҶ“,5193,0251.svg,
252,йҒҳ,9058,0252.svg,
253,еҸӨ,53E4,0253.svg,
254,и°·,8C37,0254.svg,
255,йӘЁ,9AA8,0255.svg,
256,,,0256.svg,YES
257,и ұ,8831,0257.svg,
258,йӣҮ,96C7,0258.svg,
259,еҶҺ,518E,0259.svg,
260,еүҗgua,,0260.svg,
261,еҚҰsui,,0261.svg,
262,е®ҳ,5B98,0262.svg,
263,и§Җ,89C0,0263.svg,
264,жҜҢ,6BCC,0264.svg,
265,,,0265.svg,YES
266,йӣҡ,96DA,0266.svg,
267,й№іпјҲиҗ‘пјүhuan,,0267.svg,
268,е…ү,5149,0268.svg,
269,е»Ј,5EE3,0269.svg,
270,е¶І,,0270.svg,
271,жӯё,6B78,0271.svg,
272,зҷё,7678,0272.svg,
273,й¬ј,9B3C,0273.svg,
274,ж№Җ,6E40,0274.svg,
275,з°Ӣgui,,0275.svg,
276,йғӯguo,,0276.svg,
277,еӣ»guo,,0277.svg,
278,йҰҳ,9998,0278.svg,
279,дәҘ,4EA5,0279.svg,
280,е®іhai,,0280.svg,
281,еҮҪ,51FD,0281.svg,
282,ж¶ө,6DB5,0282.svg,
283,й¶ҫ,9DBE,0283.svg,
284,и’ҝ,84BF,0284.svg,
285,еҘҪ,597D,0285.svg,
286,зҰҫ,79BE,0286.svg,
287,еҗҲ,5408,0287.svg,
288,дҪ•,4F55,0288.svg,
289,жІі,6CB3,0289.svg,
290,йўҢhe,,0290.svg,
291,йҫў,9FA2,0291.svg,
292,й»‘,9ED1,0292.svg,
293,жҒ’,6052,0293.svg,
294,ејҳ,5F18,0294.svg,
295,,,0295.svg,YES
296,йёҝhong,,0296.svg,
297,,,0297.svg,YES
298,еҗҺ,540E,0298.svg,
299,еҺҡhou,,0299.svg,
300,еҫҢ,5F8C,0300.svg,
301,д№Һ,4E4E,0301.svg,
302,,,0302.svg,YES
303,е‘ј,547C,0303.svg,
304,,,0304.svg,YES
305,еЈә,58FA,0305.svg,
306,и§іhu,,0306.svg,
307,иҷҺ,864E,0307.svg,
308,е”¬,552C,0308.svg,
309,жҲ·,6237,0309.svg,
310,зҘң,795C,0310.svg,
311,еҢ–,5316,0311.svg,
312,еҙӢhua,,0312.svg,
313,з•өhua,,0313.svg,
314,ж·®,6DEE,0314.svg,
315,,,0315.svg,YES
316,иҗ‘zhui,,0316.svg,
317,й”ҫ,953E,0317.svg,
318,йӮ„,9084,0318.svg,
319,иұў,8C62,0319.svg,
320,й»„,9EC4,0320.svg,
321,жҪў,6F62,0321.svg,
322,еӣһhuan,,0322.svg,
323,жӮ”,6094,0323.svg,
324,еҪ—,5F57,0324.svg,
325,жҷҰ,6666,0325.svg,
326,е–ҷ,5599,0326.svg,
327,жңғ,6703,0327.svg,
328,иӘЁ,8AA8,0328.svg,
329,жҳҸ,660F,0329.svg,
330,еңӮ,5702,0330.svg,
331,зҒ«,706B,0331.svg,
332,жҲ–,6216,0332.svg,
333,зҘёhuo,,0333.svg,
334,зҰҚ,798D,0334.svg,
335,жҝ©,6FE9,0335.svg,
336,зҚІ,7372,0336.svg,
337,йңҚ,970D,0337.svg,
338,з©«,7A6B,0338.svg,
339,й•¬,956C,0339.svg,
340,е§¬,59EC,0340.svg,
341,еҹә,57FA,0341.svg,
342,еғҹji,,0342.svg,
343,з®•,7B95,0343.svg,
344,йӣһ,96DE,0344.svg,
345,еҸҠ,53CA,0345.svg,
346,еҗү,5409,0346.svg,
347,еҪ¶,5F76,0347.svg,
348,,,0348.svg,YES
349,,,0349.svg,YES
350,з–ҫ,75BE,0350.svg,
351,йӣҶ,96C6,0351.svg,
352,иҖӨ,8024,0352.svg,
353,е·ұ,5DF1,0353.svg,
354,дё®,4E2E,0354.svg,
355,жҢӨji,,0355.svg,
356,ж—Ў,65E1,0356.svg,
357,еӯЈ,5B63,0357.svg,
358,ж—ў,65E2,0358.svg,
359,жҙҺ,6D0E,0359.svg,
360,зҘӯ,796D,0360.svg,
361,и·Ҫ,8DFD,0361.svg,
362,з©§,7A67,0362.svg,
363,йңҪ,973D,0363.svg,
364,еӨҫ,593E,0364.svg,
365,дҪіjia,,0365.svg,
366,е®¶,5BB6,0366.svg,
367,еҳүjia,,0367.svg,
368,иұӯ,8C6D,0368.svg,
369,з”І,7532,0369.svg,
370,ж–қ,659D,0370.svg,
371,жҲ”,6214,0371.svg,
372,зј„jian,,0372.svg,
373,зӣЈ,76E3,0373.svg,
374,иүұ,8271,0374.svg,
375,йәүjian,,0375.svg,
376,иҰӢ,898B,0376.svg,
377,е§ң,59DC,0377.svg,
378,з••,7555,0378.svg,
379,еҪҠ,5F4A,0379.svg,
380,з–Ҷ,7586,0380.svg,
381,ејң,5F1C,0381.svg,
382,йҷҚ,964D,0382.svg,
383,жҙҡ,6D1A,0383.svg,
384,е°Ү,5C07,0384.svg,
385,дәӨ,4EA4,0385.svg,
386,иғ¶,80F6,0386.svg,
387,и§’,89D2,0387.svg,
388,зғ„,70C4,0388.svg,
389,ж•ҷ,6559,0389.svg,
390,еҚ©,5369,0390.svg,
391,и§Ј,89E3,0391.svg,
392,д»Ӣ,4ECB,0392.svg,
393,жҲ’,6212,0393.svg,
394,е·ҫ,5DFE,0394.svg,
395,,,0395.svg,YES
396,ж–Ө,65A4,0396.svg,
397,зҙҹ,7D1F,0397.svg,
398,е Ү,5807,0398.svg,
399,зӣЎ,76E1,0399.svg,
400,иҝ‘zhi,,0400.svg,
401,жҷү,6649,0401.svg,
402,йҖІ,9032,0402.svg,
403,еҜ–,5BD6,0403.svg,
404,,,0404.svg,YES
405,жҷ¶,6676,0405.svg,
406,е…ўjing,,0406.svg,
407,зІҫxing,,0407.svg,
408,дә•,4E95,0408.svg,
409,еҰҢ,598C,0409.svg,
410,,,0410.svg,YES
411,з«ҹ,7ADF,0411.svg,
412,з«¶,7AF6,0412.svg,
413,еҶҸ,518F,0413.svg,
414,,,0414.svg,YES
415,дё©,4E29,0415.svg,
416,д№қ,4E5D,0416.svg,
417,й…’,9152,0417.svg,
418,е’Һ,548E,0418.svg,
419,иҲҠ,820A,0419.svg,
420,иӢҙ,82F4,0420.svg,
421,жІ®,6CAE,0421.svg,
422,дёҫju,,0422.svg,
423,еҸҘ,53E5,0423.svg,
424,е…·,5177,0424.svg,
425,жғ§ju,,0425.svg,
426,зң·juan,,0426.svg,
427,ж°’,6C12,0427.svg,
428,зҺЁ,73A8,0428.svg,
429,зө•,,0429.svg,
430,ж©ӣkun,,0430.svg,
431,зҲө,7235,0431.svg,
432,ж”«jue,,0432.svg,
433,еҗӣ,541B,0433.svg,
434,йәҮ,9E87,0434.svg,
435,з•Ҝ,756F,0435.svg,
436,з©…,7A45,0436.svg,
437,дәў,4EA2,0437.svg,
438,,,0438.svg,YES
439,иҖғ,8003,0439.svg,
440,еЈіqiao,,0440.svg,
441,еҸҜ,53EF,0441.svg,
442,е…Ӣ,514B,0442.svg,
443,еҸЈ,53E3,0443.svg,
444,е“ӯ,54ED,0444.svg,
445,еӨё,5938,0445.svg,
446,еҢЎ,5321,0446.svg,
447,зӢӮ,72C2,0447.svg,
448,жіҒ,6CC1,0448.svg,
449,дәҸ,4E8F,0449.svg,
450,еҘҺkui,,0450.svg,
451,жҲЈ,6223,0451.svg,
452,еӨ”,5914,0452.svg,
453,еӘҝ,5ABF,0453.svg,
454,жҳҶkun,,0454.svg,
455,еӣ°,56F0,0455.svg,
456,еүҢ,524C,0456.svg,
457,дҫҶ,4F86,0457.svg,
458,е©Ә,5A6A,0458.svg,
459,зӢј,72FC,0459.svg,
460,зүў,7262,0460.svg,
461,иҖҒ,8001,0461.svg,
462,жҪҰ,6F66,0462.svg,
463,жЁӮ,6A02,0463.svg,
464,йӣ·,96F7,0464.svg,
465,зёІlei,,0465.svg,
466,зҪҚlei,,0466.svg,
467,жЈғli,,0467.svg,
468,йӣў,96E2,0468.svg,
469,ж–„li,,0469.svg,
470,й©Ә,9A6A,0470.svg,
471,жқҺ,674E,0471.svg,
472,зҰ®,79AE,0472.svg,
473,еҠӣ,529B,0473.svg,
474,з«Ӣ,7ACB,0474.svg,
475,еҗҸ,540F,0475.svg,
476,еҲ©,5229,0476.svg,
477,йҡ¶li,,0477.svg,
478,з …,7805,0478.svg,
479,з§қ,79DD,0479.svg,
480,жӯ·,6B77,0480.svg,
481,ж«ҹ,6ADF,0481.svg,
482,иҒҜ,806F,0482.svg,
483,иүҜ,826F,0483.svg,
484,йҮҸ,91CF,0484.svg,
485,еҜ®,5BEE,0485.svg,
486,е°һ,5C1E,0486.svg,
487,еҲ—lie,,0487.svg,
488,зғҲ,70C8,0488.svg,
489,зҢҹlie,,0489.svg,
490,жһ—,6797,0490.svg,
491,зІҰ,7CA6,0491.svg,
492,йң–,9716,0492.svg,
493,йәҗ,9E90,0493.svg,
494,йәҹ,9E9F,0494.svg,
495,еҗқ,541D,0495.svg,
496,жӮӢlin,,0496.svg,
497,з„ӣ,711B,0497.svg,
498,еӨҢ,590C,0498.svg,
499,йҷө,9675,0499.svg,
500,,,0500.svg,YES
501,д»Ө,4EE4,0501.svg,
502,жҹі,67F3,0502.svg,
503,,,0503.svg,YES
504,йҫҚ,9F8D,0504.svg,
505,иҒҫ,807E,0505.svg,
506,йҫ“,9F93,0506.svg,
507,зӣ§,76E7,0507.svg,
508,зЎөlu,,0508.svg,
509,йӯҜ,9B6F,0509.svg,
510,еҪ•,5F55,0510.svg,
511,й№ҝ,9E7F,0511.svg,
512,зҰ„,7984,0512.svg,
513,йә“,9E93,0513.svg,
514,еҗ•,5415,0514.svg,
515,ж—…,65C5,0515.svg,
516,еҫӢ,5F8B,0516.svg,
517,зҺҮ,7387,0517.svg,
518,з·‘,7DD1,0518.svg,
519,зҫ…,7F85,0519.svg,
520,иҮқluo,,0520.svg,
521,жҙӣ,6D1B,0521.svg,
522,иҗҪluo,,0522.svg,
523,жҝј,6FFC,0523.svg,
524,йҰ¬,99AC,0524.svg,
525,и–¶,85B6,0525.svg,
526,йңҫ,973E,0526.svg,
527,иІ·,8CB7,0527.svg,
528,йәҘ,9EA5,0528.svg,
529,е°Ё,5C28,0529.svg,
530,жқ—,6757,0530.svg,
531,иҺҪ,83BD,0531.svg,
532,еҚҜ,536F,0532.svg,
533,,,0533.svg,YES
534,жһҡ,679A,0534.svg,
535,зңү,7709,0535.svg,
536,ж№„,6E44,0536.svg,
537,жҜҸ,6BCF,0537.svg,
538,зҫҺ,7F8E,0538.svg,
539,еҰ№,59B9,0539.svg,
540,еӘҡ,5A9A,0540.svg,
541,еҜҗ,5BD0,0541.svg,
542,й¬Ҫ,9B3D,0542.svg,
543,й–Җ,9580,0543.svg,
544,иҗҢ,840C,0544.svg,
545,еӨў,5922,0545.svg,
546,зӣҹmeng,,0546.svg,
547,йәӢ,9E8B,0547.svg,
548,зұі,7C73,0548.svg,
549,иҠҲ,8288,0549.svg,
550,ж•ү,6549,0550.svg,
551,,,0551.svg,YES
552,е®Җ,5B80,0552.svg,
553,е…Қ,514D,0553.svg,
554,,,0554.svg,YES
555,и”‘,8511,0555.svg,
556,,,0556.svg,YES
557,зҡҝ,76BF,0557.svg,
558,ж•Ҹ,654F,0558.svg,
559,й»Ҫ,9EFD,0559.svg,
560,еҗҚ,540D,0560.svg,
561,жҳҺ,660E,0561.svg,
562,еҶҘ,51A5,0562.svg,
563,йіҙ,9CF4,0563.svg,
564,е‘Ҫ,547D,0564.svg,
565,жІ«,6CAB,0565.svg,
566,иҺ«,83AB,0566.svg,
567,жҜҚ,6BCD,0567.svg,
568,зүЎ,7261,0568.svg,
569,жңЁ,6728,0569.svg,
570,,,0570.svg,YES
571,жІҗ,6C90,0571.svg,
572,зү§,7267,0572.svg,
573,з©Ҷ,7A46,0573.svg,
574,еҶ…,,0574.svg,
575,д№ғ,4E43,0575.svg,
576,иүҝ,827F,0576.svg,
577,е»ј,5EFC,0577.svg,
578,з”·,7537,0578.svg,
579,еҚ—,5357,0579.svg,
580,еӨ’,5912,0580.svg,
581,з–’,7592,0581.svg,
582,йә‘,9E91,0582.svg,
583,дјІni,,0583.svg,
584,еұ°,5C70,0584.svg,
585,йҖҶ,9006,0585.svg,
586,жәәni,,0586.svg,
587,е№ҙ,5E74,0587.svg,
588,ијҰ,8F26,0588.svg,
589,е»ҝ,5EFF,0589.svg,
590,еЁҳ,5A18,0590.svg,
591,йіҘ,9CE5,0591.svg,
592,,,0592.svg,YES
593,е•®nie,,0593.svg,
594,й•Қnie,,0594.svg,
595,зұӢnie,,0595.svg,
596,е®Ғ,5B81,0596.svg,
597,еҜҚ,5BCD,0597.svg,
598,еҜ§,,0598.svg,
599,жҝҳ,6FD8,0599.svg,
600,зүӣ,725B,0600.svg,
601,иҫІ,8FB2,0601.svg,
602,еј„,5F04,0602.svg,
603,еҘі,5973,0603.svg,
604,иҷҗ,8650,0604.svg,
605,еҘ»,,0605.svg,
606,жҺ’,6392,0606.svg,
607,жҙҫ,6D3E,0607.svg,
608,ж§ғ,69C3,0608.svg,
609,ж—Ғ,65C1,0609.svg,
610,йҫҗ,9F90,0610.svg,
611,жІӣpei,,0611.svg,
612,жөҝ,6D7F,0612.svg,
613,й…Қ,914D,0613.svg,
614,иҪЎ,8F61,0614.svg,
615,жңӢ,670B,0615.svg,
616,еҖ—,5017,0616.svg,
617,еҪӯ,5F6D,0617.svg,
618,йҷҙ,9674,0618.svg,
619,зүҮ,7247,0619.svg,
620,е¬Ә,5B2A,0620.svg,
621,е“Ғ,54C1,0621.svg,
622,зүқ,725D,0622.svg,
623,з”№ping,,0623.svg,
624,,,0624.svg,YES
625,еғ•,50D5,0625.svg,
626,,,0626.svg,YES
627,жҲҡ,621A,0627.svg,
628,йңӢqi,,0628.svg,
629,йҪҗqi,,0629.svg,
630,ең»yin,,0630.svg,
631,,,0631.svg,YES
632,зҘҲ,7948,0632.svg,
633,иҗҒqi,,0633.svg,
634,жЈҠ,68CA,0634.svg,
635,ж——yan,,0635.svg,
636,йҪҠ,9F4A,0636.svg,
637,дјҒ,4F01,0637.svg,
638,еҗҜ,542F,0638.svg,
639,жқһ,675E,0639.svg,
640,е•“,5553,0640.svg,
641,жҷө,6675,0641.svg,
642,еҘ‘jie,,0642.svg,
643,,,0643.svg,YES
644,,,0644.svg,YES
645,еҚғ,5343,0645.svg,
646,иҮӨ,81E4,0646.svg,
647,й“…qian,,0647.svg,
648,жҺ”,6394,0648.svg,
649,еүҚ,524D,0649.svg,
650,й’іyu,,0650.svg,
651,йҒЈ,9063,0651.svg,
652,,,0652.svg,YES
653,дҝ”,4FD4,0653.svg,
654,зҫҢ,7F8C,0654.svg,
655,жҲ•,6215,0655.svg,
656,йһҳqiao,,0656.svg,
657,еҲҮqie,,0657.svg,
658,дё”,4E14,0658.svg,
659,еҰҫ,59BE,0659.svg,
660,дҫө,4FB5,0660.svg,
661,й’ҰqingпјҲеҚҜпјү,,0661.svg,
662,з§Ұ,79E6,0662.svg,
663,зҰҪ,79BD,0663.svg,
664,еҜқ,5BDD,0664.svg,
665,жІҒ,6C81,0665.svg,
666,йқ’,9752,0666.svg,
667,еҚҝ,537F,0667.svg,
668,ж…¶,6176,0668.svg,
669,,,0669.svg,YES
670,,,0670.svg,YES
671,з§Ӣ,79CB,0671.svg,
672,еӣҡ,56DA,0672.svg,
673,жұ“,6C53,0673.svg,
674,иЈҳ,88D8,0674.svg,
675,жӣІ,66F2,0675.svg,
676,еҚҖ,5340,0676.svg,
677,й©…,9A45,0677.svg,
678,еҸ–,53D6,0678.svg,
679,еЁ¶,5A36,0679.svg,
680,еҺ»,53BB,0680.svg,
681,жіү,6CC9,0681.svg,
682,зҠ¬,72AC,0682.svg,
683,,,0683.svg,YES
684,еҶ„,5184,0684.svg,
685,е§Ңran,,0685.svg,
686,дәә,4EBA,0686.svg,
687,д»Ғ,4EC1,0687.svg,
688,еЈ¬,58EC,0688.svg,
689,еҲғ,5203,0689.svg,
690,д»»,4EFB,0690.svg,
691,еҰҠ,598A,0691.svg,
692,жү”,6254,0692.svg,
693,ж—Ҙ,65E5,0693.svg,
694,жҲҺ,620E,0694.svg,
695,иӮңchen,,0695.svg,
696,иӮү,8089,0696.svg,
697,еҰӮ,5982,0697.svg,
698,жұқ,6C5D,0698.svg,
699,,,0699.svg,YES
700,,,0700.svg,YES
701,и“җ,84D0,0701.svg,
702,иӢҘ,82E5,0702.svg,
703,жҙ’,6D12,0703.svg,
704,еҚ…,5345,0704.svg,
705,,,0705.svg,YES
706,,,0706.svg,YES
707,жЎ‘,6851,0707.svg,
708,е–Ә,55AA,0708.svg,
709,е—Ү,55C7,0709.svg,
710,жЈ®,68EE,0710.svg,
711,,,0711.svg,YES
712,,,0712.svg,YES
713,еҪЎ,5F61,0713.svg,
714,еҲ ,5220,0714.svg,
715,зҫҙ,7FB4,0715.svg,
716,е•Ҷ,5546,0716.svg,
717,иЈіyi,,0717.svg,
718,иіһ,8CDE,0718.svg,
719,,,0719.svg,YES
720,е°‘,5C11,0720.svg,
721,зҙ№,7D39,0721.svg,
722,иі–,8CD6,0722.svg,
723,иҲҢ,820C,0723.svg,
724,е°„she,,0724.svg,
725,ж¶ү,6D89,0725.svg,
726,з”і,7533,0726.svg,
727,иә«,8EAB,0727.svg,
728,жІҲ,6C88,0728.svg,
729,еҚҮ,5347,0729.svg,
730,з”ҹ,751F,0730.svg,
731,зүІ,7272,0731.svg,
732,иҒІ,8072,0732.svg,
733,зңҒ,7701,0733.svg,
734,еңЈ,5723,0734.svg,
735,зӣӣ,76DB,0735.svg,
736,иҒ–,8056,0736.svg,
737,е°ё,5C38,0737.svg,
738,еёҲshi,,0738.svg,
739,ж–Ҫshi,,0739.svg,
740,,,0740.svg,YES
741,,,0741.svg,YES
742,зҹі,77F3,0742.svg,
743,е§јchi,,0743.svg,
744,зҘҸ,794F,0744.svg,
745,йЈҹ,98DF,0745.svg,
746,жҷӮ,6642,0746.svg,
747,еҸІ,53F2,0747.svg,
748,зҹў,77E2,0748.svg,
749,иұ•,8C55,0749.svg,
750,дҪҝ,4F7F,0750.svg,
751,й§ӣ,99DB,0751.svg,
752,ж°Ҹ,6C0F,0752.svg,
753,зӨә,793A,0753.svg,
754,дәӢ,4E8B,0754.svg,
755,еҶҹ,519F,0755.svg,
756,е®Ө,5BA4,0756.svg,
757,иҰ–,8996,0757.svg,
758,жүӢzhao,,0758.svg,
759,йҰ–,9996,0759.svg,
760,еҸ—,53D7,0760.svg,
761,зӢ©,72E9,0761.svg,
762,зҚё,7378,0762.svg,
763,ж®і,6BB3,0763.svg,
764,еҸ”,53D4,0764.svg,
765,з§«,79EB,0765.svg,
766,зҶҹshu,,0766.svg,
767,й»Қ,9ECD,0767.svg,
768,йј ,9F20,0768.svg,
769,иңҖ,8700,0769.svg,
770,,,0770.svg,YES
771,,,0771.svg,YES
772,дҫё,4FB8,0772.svg,
773,еә»shu,,0773.svg,
774,жЁ№,6A39,0774.svg,
775,зҲҪ,723D,0775.svg,
776,ж°ҙ,6C34,0776.svg,
777,дёқyou,,0777.svg,
778,еҸё,53F8,0778.svg,
779,зөІ,7D72,0779.svg,
780,иӣіsi,,0780.svg,
781,жҘ’si,,0781.svg,
782,жӯ»,6B7B,0782.svg,
783,е·і,5DF3,0783.svg,
784,,,0784.svg,YES
785,жұң,6C5C,0785.svg,
786,,,0786.svg,YES
787,йЈӨ,98E4,0787.svg,
788,е—Ј,55E3,0788.svg,
789,еЁҖsong,,0789.svg,
790,е®Ӣ,5B8B,0790.svg,
791,еҸң,53DC,0791.svg,
792,еӨҷsu,,0792.svg,
793,иҜүche,,0793.svg,
794,,,0794.svg,YES
795,зІҹ,7C9F,0795.svg,
796,йӨ—,9917,0796.svg,
797,еӨҠ,590A,0797.svg,
798,иҷҪsui,,0798.svg,
799,з¶Ҹ,7D8F,0799.svg,
800,зҘҹ,795F,0800.svg,
801,йҒӮsui,,0801.svg,
802,жӯі,,0802.svg,
803,з©—sui,,0803.svg,
804,,,0804.svg,YES
805,зҙў,7D22,0805.svg,
806,е®ғ,5B83,0806.svg,
807,йҒқ,905D,0807.svg,
808,иёҸta,,0808.svg,
809,еҡғta,,0809.svg,
810,,,0810.svg,YES
811,иҰғtan,,0811.svg,
812,е”җ,5510,0812.svg,
813,,,0813.svg,YES
814,еӨ©,5929,0814.svg,
815,з”°,7530,0815.svg,
816,з•Ӣ,754B,0816.svg,
817,з•‘tian,,0817.svg,
818,жўқ,689D,0818.svg,
819,,,0819.svg,YES
820,йҪ tiao,,0820.svg,
821,,,0821.svg,YES
822,йҗЎte,,0822.svg,
823,иҒҙting,,0823.svg,
824,иҒҪ,807D,0824.svg,
825,еәӯ,5EAD,0825.svg,
826,жҢәtingпјҲеЈ¬пјү,,0826.svg,
827,йҖҡ,901A,0827.svg,
828,еҗҢ,540C,0828.svg,
829,з«Ҙ,7AE5,0829.svg,
830,й ӯtou,,0830.svg,
831,зӘҒ,7A81,0831.svg,
832,еҫ’,5F92,0832.svg,
833,ж¶Ӯ,6D82,0833.svg,
834,йҖ”,9014,0834.svg,
835,еңҹ,571F,0835.svg,
836,е…”,5154,0836.svg,
837,еұҜ,5C6F,0837.svg,
838,иұҡ,8C5A,0838.svg,
839,жӢ•,62D5,0839.svg,
840,ж©җtuo,,0840.svg,
841,йјҚ,9F0D,0841.svg,
842,еҰҘ,59A5,0842.svg,
843,еҫҚwang,,0843.svg,
844,еӨ–,5916,0844.svg,
845,е®ӣ,5B9B,0845.svg,
846,иҗ¬,842C,0846.svg,
847,дәЎ,4EA1,0847.svg,
848,,,0848.svg,YES
849,еҫҖ,5F80,0849.svg,
850,зҪ”,7F54,0850.svg,
851,жңў,6722,0851.svg,
852,еҚұ,5371,0852.svg,
853,жәҰwei,,0853.svg,
854,йҹӢ,97CB,0854.svg,
855,е”Ҝ,552F,0855.svg,
856,жғҹ,60DF,0856.svg,
857,,,0857.svg,YES
858,е°ҫ,5C3E,0858.svg,
859,е§”,59D4,0859.svg,
860,,,0860.svg,YES
861,жңӘ,672A,0861.svg,
862,з•Ҹ,754F,0862.svg,
863,иЎһ,,0863.svg,
864,ж–Ү,6587,0864.svg,
865,иҒһ,805E,0865.svg,
866,зҙҠ,7D0A,0866.svg,
867,е•Ҹ,554F,0867.svg,
868,жҲ‘,6211,0868.svg,
869,е©җ,5A50,0869.svg,
870,,,0870.svg,YES
871,е·«,5DEB,0871.svg,
872,е‘ү,5449,0872.svg,
873,дә”,4E94,0873.svg,
874,,,0874.svg,YES
875,жӯҰ,6B66,0875.svg,
876,дҫ®,4FAE,0876.svg,
877,иҲһ,821E,0877.svg,
878,е…Җ,5140,0878.svg,
879,еӢҝ,52FF,0879.svg,
880,жҲҠ,620A,0880.svg,
881,зү©,7269,0881.svg,
882,е…®,516E,0882.svg,
883,иҘҝ,897F,0883.svg,
884,жҳ”,6614,0884.svg,
885,жһҗ,6790,0885.svg,
886,еҘҡ,595A,0886.svg,
887,жәӘxi,,0887.svg,
888,е¬ү,5B09,0888.svg,
889,зҶ№,71B9,0889.svg,
890,йҢ«,932B,0890.svg,
891,зҝ’,7FD2,0891.svg,
892,йЁҪ,9A3D,0892.svg,
893,еҫҷ,5F99,0893.svg,
894,й“Јxi,,0894.svg,
895,,,0895.svg,YES
896,зі»,7CFB,0896.svg,
897,з»Ҷxi,,0897.svg,
898,дҝӮ,4FC2,0898.svg,
899,,,0899.svg,YES
900,е…Ҳ,5148,0900.svg,
901,,,0901.svg,YES
902,иҮҪ,81FD,0902.svg,
903,зҚ»,737B,0903.svg,
904,д№Ўxiang,,0904.svg,
905,зӣё,76F8,0905.svg,
906,й„үxiang,,0906.svg,
907,иҘ„,8944,0907.svg,
908,й©Өxiang,,0908.svg,
909,зҘҘ,7965,0909.svg,
910,дәҜ,4EAF,0910.svg,
911,йЈЁcan,,0911.svg,
912,,,0912.svg,YES
913,еҗ‘,5411,0913.svg,
914,иұЎ,8C61,0914.svg,
915,е°Ҹ,5C0F,0915.svg,
916,еӯқ,5B5D,0916.svg,
917,ж•Ҳ,6548,0917.svg,
918,ж Ў,6821,0918.svg,
919,еҠҰ,52A6,0919.svg,
920,еӘҹ,5A9F,0920.svg,
921,зҮ®,71EE,0921.svg,
922,еҝғ,5FC3,0922.svg,
923,иҫӣ,8F9B,0923.svg,
924,жҳ•,6615,0924.svg,
925,иЁў,8A22,0925.svg,
926,ж–°,65B0,0926.svg,
927,и–Әjin,,0927.svg,
928,зӮҳ,7098,0928.svg,
929,жҳҹ,661F,0929.svg,
930,йӘҚxiang,,0930.svg,
931,,,0931.svg,YES
932,,,0932.svg,YES
933,жқҸ,674F,0933.svg,
934,е§“,59D3,0934.svg,
935,е№ё,5E78,0935.svg,
936,,,0936.svg,YES
937,,,0937.svg,YES
938,еҢҲxiong,,0938.svg,
939,зҶҠ,718A,0939.svg,
940,дј‘,4F11,0940.svg,
941,зҫһ,7F9E,0941.svg,
942,жҲҢ,620C,0942.svg,
943,й Ҳ,9808,0943.svg,
944,еҸҷ,53D9,0944.svg,
945,жҙ«xu,,0945.svg,
946,ж®Ҳxu,,0946.svg,
947,з•ң,755C,0947.svg,
948,зәҢ,7E8C,0948.svg,
949,е®Ј,5BA3,0949.svg,
950,ж—Ӣ,65CB,0950.svg,
951,иҫҘe,,0951.svg,
952,еӯё,5B78,0952.svg,
953,йӣӘyu,,0953.svg,
954,иЎҖ,8840,0954.svg,
955,зғ•,70D5,0955.svg,
956,ж—¬,65EC,0956.svg,
957,е°Ӣ,5C0B,0957.svg,
958,дҫҡ,4F9A,0958.svg,
959,иЁҠ,8A0A,0959.svg,
960,з–Ӣ,758B,0960.svg,
961,дәһ,4E9E,0961.svg,
962,еЁ…,,0962.svg,
963,е»¶chan,,0963.svg,
964,иЁҖ,8A00,0964.svg,
965,зӮҺ,708E,0965.svg,
966,еө’,5D52,0966.svg,
967,,,0967.svg,YES
968,иЎҚ,884D,0968.svg,
969,жј”,6F14,0969.svg,
970,еҰҹ,599F,0970.svg,
971,з„ұ,7131,0971.svg,
972,зҮ•,71D5,0972.svg,
973,й¬і,9B33,0973.svg,
974,еӨ®,592E,0974.svg,
975,зҫҠ,7F8A,0975.svg,
976,жҳң,661C,0976.svg,
977,йҷҪ,967D,0977.svg,
978,ж•ӯyang,,0978.svg,
979,йӨҠ,,0979.svg,
980,еӨӯ,592D,0980.svg,
981,зҲ»,723B,0981.svg,
982,е Ҝ,582F,0982.svg,
983,жқі,6773,0983.svg,
984,,,0984.svg,YES
985,йҮҺ,91CE,0985.svg,
986,жһјxe,,0986.svg,
987,й Ғ,9801,0987.svg,
988,,,0988.svg,YES
989,дјҠ,4F0A,0989.svg,
990,иЎЈ,8863,0990.svg,
991,еҢ»,533B,0991.svg,
992,дҫқ,4F9D,0992.svg,
993,еӨ·,5937,0993.svg,
994,е®ң,5B9C,0994.svg,
995,з–‘yi,,0995.svg,
996,еҪқ,5F5D,0996.svg,
997,д№ҷ,4E59,0997.svg,
998,е·Іyi,,0998.svg,
999,д№Ӯ,4E42,0999.svg,
1000,ејӢ,5F0B,1000.svg,
1001,дәҰ,4EA6,1001.svg,
1002,дјҮ,4F07,1002.svg,
1003,йӮ‘,9091,1003.svg,
1004,жҳ“,6613,1004.svg,
1005,зӣҠ,76CA,1005.svg,
1006,з•°,7570,1006.svg,
1007,зҝҠ,7FCA,1007.svg,
1008,йҖё,9038,1008.svg,
1009,,,1009.svg,YES
1010,иӮ„yi,,1010.svg,
1011,и“ә,84FA,1011.svg,
1012,зҝјyi,,1012.svg,
1013,еӣ ,56E0,1013.svg,
1014,ж®·,6BB7,1014.svg,
1015,йҡӮyin,,1015.svg,
1016,д№‘yin,,1016.svg,
1017,еҜ…,5BC5,1017.svg,
1018,еҡҡ,569A,1018.svg,
1019,е°№,5C39,1019.svg,
1020,йҘ®yin,,1020.svg,
1021,,,1021.svg,YES
1022,е¬°,5B30,1022.svg,
1023,й№°huan,,1023.svg,
1024,иҗҰying,,1024.svg,
1025,йӮ•,9095,1025.svg,
1026,еәё,5EB8,1026.svg,
1027,йӣқ,96DD,1027.svg,
1028,йҘ”,9954,1028.svg,
1029,ж°ё,6C38,1029.svg,
1030,з”Ё,7528,1030.svg,
1031,ж”ё,6538,1031.svg,
1032,е№Ҫ,5E7D,1032.svg,
1033,йәҖ,9E80,1033.svg,
1034,жҶӮxu,,1034.svg,
1035,е°Ө,5C24,1035.svg,
1036,з”ұ,7531,1036.svg,
1037,жІ№,6CB9,1037.svg,
1038,жёё,6E38,1038.svg,
1039,зҢ¶,7336,1039.svg,
1040,еҸӢ,53CB,1040.svg,
1041,жңү,6709,1041.svg,
1042,,,1042.svg,YES
1043,,,1043.svg,YES
1044,еҸҲ,53C8,1044.svg,
1045,,,1045.svg,YES
1046,е№ј,5E7C,1046.svg,
1047,еӣҝ,56FF,1047.svg,
1048,,,1048.svg,YES
1049,зҘҗ,7950,1049.svg,
1050,жүң,625C,1050.svg,
1051,иҝӮyu,,1051.svg,
1052,дҪҷ,4F59,1052.svg,
1053,еҰӨyu,,1053.svg,
1054,зӣӮ,76C2,1054.svg,
1055,иҮҫyu,,1055.svg,
1056,йұјyu,,1056.svg,
1057,йӣ©,96E9,1057.svg,
1058,йӯҡ,9B5A,1058.svg,
1059,жјҒ,6F01,1059.svg,
1060,ијҝ,8F3F,1060.svg,
1061,е®Ү,5B87,1061.svg,
1062,зҫҪ,7FBD,1062.svg,
1063,йӣЁ,96E8,1063.svg,
1064,еҢ¬,532C,1064.svg,
1065,еңү,5709,1065.svg,
1066,зҺү,7389,1066.svg,
1067,иӮІ,80B2,1067.svg,
1068,жҳұ,6631,1068.svg,
1069,зӢұcao,,1069.svg,
1070,еҫЎ,5FA1,1070.svg,
1071,зұһ,,1071.svg,
1072,й¬ұ,9B31,1072.svg,
1073,йёў,,1073.svg,
1074,ж·ө,6DF5,1074.svg,
1075,е…ғ,5143,1075.svg,
1076,зҲ°,7230,1076.svg,
1077,е“Ў,54E1,1077.svg,
1078,иўҒ,8881,1078.svg,
1079,йҖәyuan,,1079.svg,
1080,йҒ ,9060,1080.svg,
1081,еӨ—,5917,1081.svg,
1082,жҖЁyuan,,1082.svg,
1083,,,1083.svg,YES
1084,жңҲ,6708,1084.svg,
1085,жҲү,6209,1085.svg,
1086,еҲ–,5216,1086.svg,
1087,зІӨ,7CA4,1087.svg,
1088,йҫ ,9FA0,1088.svg,
1089,йӣІ,96F2,1089.svg,
1090,е…Ғ,5141,1090.svg,
1091,,,1091.svg,YES
1092,жҡҲ,6688,1092.svg,
1093,йӣҘ,96E5,1093.svg,
1094,зҒҫzai,,1094.svg,
1095,з”ҫ,753E,1095.svg,
1096,зғ–,70D6,1096.svg,
1097,е®°,5BB0,1097.svg,
1098,иҪҪzai,,1098.svg,
1099,ијү,8F09,1099.svg,
1100,еҶҚ,518D,1100.svg,
1101,еңЁ,5728,1101.svg,
1102,иҮ§,81E7,1102.svg,
1103,и‘¬,846C,1103.svg,
1104,й‘ҝ,947F,1104.svg,
1105,еҷӘzao,,1105.svg,
1106,иІ¬,8CAC,1106.svg,
1107,еӨЁ,5928,1107.svg,
1108,жҳғ,6603,1108.svg,
1109,жӣҫ,66FE,1109.svg,
1110,д№Қ,4E4D,1110.svg,
1111,ж …,6805,1111.svg,
1112,е®…,5B85,1112.svg,
1113,зҝҹ,7FDF,1113.svg,
1114,еҚ ,5360,1114.svg,
1115,еҸ¬,53EC,1115.svg,
1116,е…Ҷ,5146,1116.svg,
1117,иӮҮ,8087,1117.svg,
1118,жҠҳ,6298,1118.svg,
1119,иІһ,8C9E,1119.svg,
1120,жҢҜzhen,,1120.svg,
1121,жң•,6715,1121.svg,
1122,йңҮ,9707,1122.svg,
1123,еҫҒ,5F81,1123.svg,
1124,зҲӯ,722D,1124.svg,
1125,и’ё,84B8,1125.svg,
1126,жӯЈ,6B63,1126.svg,
1127,ж”ҝ,653F,1127.svg,
1128,д№Ӣ,4E4B,1128.svg,
1129,йҡ»,96BB,1129.svg,
1130,жҲ ,6220,1130.svg,
1131,зӣҙ,76F4,1131.svg,
1132,е§Әzhi,,1132.svg,
1133,еҹ·,57F7,1133.svg,
1134,жӨҚmu,,1134.svg,
1135,йҰҪ,99BD,1135.svg,
1136,жӯў,6B62,1136.svg,
1137,ж—Ё,65E8,1137.svg,
1138,жІҡ,6C9A,1138.svg,
1139,зҘү,7949,1139.svg,
1140,иҮі,81F3,1140.svg,
1141,иұё,8C78,1141.svg,
1142,жІ»fu,,1142.svg,
1143,йҷҹ,965F,1143.svg,
1144,еҪҳ,5F58,1144.svg,
1145,жҷәzhi,,1145.svg,
1146,е»Ң,5ECC,1146.svg,
1147,йӣү,96C9,1147.svg,
1148,з–җ,7590,1148.svg,
1149,ж‘Ҝ,,1149.svg,
1150,ж«ӣjie,,1150.svg,
1151,дёӯ,4E2D,1151.svg,
1152,зөӮ,7D42,1152.svg,
1153,иЎҶ,8846,1153.svg,
1154,е·һ,5DDE,1154.svg,
1155,иҲҹ,821F,1155.svg,
1156,е‘Ё,5468,1156.svg,
1157,еёҡ,5E1A,1157.svg,
1158,зәЈ,,1158.svg,
1159,,,1159.svg,YES
1160,иғ„,80C4,1160.svg,
1161,жҷқ,665D,1161.svg,
1162,й©ҹ,9A5F,1162.svg,
1163,жңұ,6731,1163.svg,
1164,з«№,7AF9,1164.svg,
1165,йҖҗ,9010,1165.svg,
1166,дё»,4E3B,1166.svg,
1167,еЈҙ,58F4,1167.svg,
1168,зҘқ,795D,1168.svg,
1169,иІҜ,8CAF,1169.svg,
1170,й‘„,9444,1170.svg,
1171,зҲӘ,722A,1171.svg,
1172,еҸҖzhuan,,1172.svg,
1173,е°Ҳ,5C08,1173.svg,
1174,иҪ¬zhuan,,1174.svg,
1175,еҰқ,599D,1175.svg,
1176,йҡ№,96B9,1176.svg,
1177,иҝҪ,8FFD,1177.svg,
1178,жӨҺ,690E,1178.svg,
1179,жІқ,6C9D,1179.svg,
1180,ж¶ҝ,6DBF,1180.svg,
1181,ж–«,65AB,1181.svg,
1182,зҒӮ,7042,1182.svg,
1183,д»”,4ED4,1183.svg,
1184,е…№,5179,1184.svg,
1185,ж»Ӣ,6ECB,1185.svg,
1186,еӯҗ,5B50,1186.svg,
1187,иҮӘ,81EA,1187.svg,
1188,иғҫ,80FE,1188.svg,
1189,е®—,5B97,1189.svg,
1190,иө°,8D70,1190.svg,
1191,еҘҸ,594F,1191.svg,
1192,и¶і,8DB3,1192.svg,
1193,еҚ’,5352,1193.svg,
1194,ж—Ҹ,65CF,1194.svg,
1195,дҝҺ,4FCE,1195.svg,
1196,зҲјzu,,1196.svg,
1197,зҘ–,7956,1197.svg,
1198,е°Ҡ,5C0A,1198.svg,
1199,зҪҮzun,,1199.svg,
1200,е·Ұ,5DE6,1200.svg,
1201,дҪҗ,4F50,1201.svg,
1202,дҪң,4F5C,1202.svg,
1203,о »zai,,1203.svg,
